{
  "project_info": {
    "project_number": "384349018898",
    "firebase_url": "https://e-commerce-bd7c1.firebaseio.com",
    "project_id": "e-commerce-bd7c1",
    "storage_bucket": "e-commerce-bd7c1.appspot.com"
  },
  "client": [
    {
      "client_info": {
        "mobilesdk_app_id": "1:384349018898:android:a9526b6bbc615aef6871cb",
        "android_client_info": {
          "package_name": "com.example.carolinapazmorales.appmovilventas"
        }
      },
      "oauth_client": [
        {
          "client_id": "384349018898-sat70elo5ng2642sl1k7d01vvkj5hscb.apps.googleusercontent.com",
          "client_type": 3
        }
      ],
      "api_key": [
        {
          "current_key": "AIzaSyCjLQ0wOBtXU85Sl6ccZw2lmGRTXAJVOU0"
        }
      ],
      "services": {
        "appinvite_service": {
          "other_platform_oauth_client": [
            {
              "client_id": "384349018898-sat70elo5ng2642sl1k7d01vvkj5hscb.apps.googleusercontent.com",
              "client_type": 3
            }
          ]
        }
      }
    }
  ],
  "configuration_version": "1"
}